City_ID,City,Lat,Lng,Max Temp,Humidity,Cloudiness,Wind Speed,Country,Date
0,new norfolk,-42.7826,147.0587,8.84,65,20,0.89,AU,1685618656
1,punta arenas,-53.15,-70.9167,4.06,81,75,5.14,CL,1685618411
2,broome,42.2506,-75.833,18.15,76,0,0.45,US,1685618656
3,la asuncion,11.0333,-63.8628,25.85,89,72,5.14,VE,1685618656
4,avarua,-21.2078,-159.775,17.03,88,18,1.03,CK,1685618656
5,sitka,57.0531,-135.33,6.94,81,100,2.06,US,1685618657
6,hilo,19.7297,-155.09,22.36,99,0,1.54,US,1685618657
7,nkoteng,4.5167,12.0333,30.31,54,85,0.75,CM,1685618657
8,albany,42.6001,-73.9662,17.55,71,0,0.45,US,1685618657
9,misratah,32.3754,15.0925,23.34,62,48,4.74,LY,1685618657
10,terrace,54.5163,-128.6035,7.95,87,75,4.12,CA,1685618657
11,katsuura,35.1333,140.3,20.27,83,100,5.91,JP,1685618422
12,chicama,-7.8447,-79.1469,21.3,86,19,1.36,PE,1685618657
13,kapaa,22.0752,-159.319,24.18,90,75,6.17,US,1685618657
14,hearst,49.6835,-83.6665,16.14,66,42,1.35,CA,1685618657
15,hermanus,-34.4187,19.2345,18.78,81,100,0.96,ZA,1685618657
16,mataura,-46.1927,168.8643,9.13,86,46,5.15,NZ,1685618658
17,wasilla,61.5814,-149.4394,7.75,94,100,1.54,US,1685618658
18,rikitea,-23.1203,-134.9692,25.0,86,99,11.78,PF,1685618658
19,tuktoyaktuk,69.4541,-133.0374,0.58,95,100,6.2,CA,1685618658
20,torbay,47.6666,-52.7314,7.52,92,100,4.63,CA,1685618658
21,ushuaia,-54.8,-68.3,5.81,65,0,2.06,AR,1685618297
22,makakilo city,21.3469,-158.0858,25.18,80,20,3.09,US,1685618658
23,kyren,51.6828,102.1408,14.69,62,100,2.69,RU,1685618658
24,cherskiy,68.75,161.3,3.3,48,10,2.18,RU,1685618658
25,hofn,64.2539,-15.2082,10.01,81,40,4.12,IS,1685618658
26,victoria,22.2855,114.1577,31.29,80,14,0.45,HK,1685618522
27,khomeyn,33.6423,50.0789,29.51,13,1,6.4,IR,1685618659
28,simao,22.7886,100.9748,22.32,80,85,1.98,CN,1685618659
29,lagoa,39.05,-27.9833,17.38,79,100,1.85,PT,1685618659
30,acajutla,13.5928,-89.8275,25.91,83,100,1.57,SV,1685618659
31,leh,34.1667,77.5833,9.7,63,86,3.15,IN,1685618393
32,barrow,71.2906,-156.7887,-5.99,86,40,4.63,US,1685618659
33,saint-augustin,51.226,-58.6502,10.15,71,100,2.9,CA,1685618659
34,glencoe,-28.1783,30.147,16.33,21,19,3.68,ZA,1685618659
35,pevek,69.7008,170.3133,-2.94,84,98,4.54,RU,1685618659
36,chapais,49.7834,-74.8492,17.88,71,54,0.65,CA,1685618659
37,chaihe,44.7667,129.7,12.29,82,70,1.78,CN,1685618659
38,saint-philippe,-21.3585,55.7679,25.77,75,39,4.69,RE,1685618660
39,castro,-24.7911,-50.0119,11.89,92,1,0.07,BR,1685618660
40,saskylakh,71.9167,114.0833,8.58,80,98,3.05,RU,1685618660
41,bethel,41.3712,-73.414,15.93,90,0,0.0,US,1685618572
42,adrar,20.5022,-10.0711,32.54,14,91,5.34,MR,1685618660
43,poum,-20.2333,164.0167,23.97,71,100,3.8,NC,1685618660
44,mount gambier,-37.8333,140.7667,8.41,70,99,0.72,AU,1685618660
45,fort morgan,40.2503,-103.8,12.68,100,40,2.53,US,1685618660
46,sao filipe,14.8961,-24.4956,23.35,77,100,3.79,CV,1685618660
47,moa,20.6569,-74.9403,25.18,87,100,1.63,CU,1685618660
48,mobaye,4.319,21.1786,35.64,38,34,0.81,CF,1685618660
49,santiago del estero,-27.7951,-64.2615,15.41,94,21,2.74,AR,1685618437
50,la orilla,17.9833,-102.2333,26.39,71,58,1.3,MX,1685618661
51,butaritari,3.0707,172.7902,28.06,78,55,3.08,KI,1685618661
52,guerrero negro,27.9769,-114.0611,14.81,80,78,5.67,MX,1685618661
53,villa bruzual,9.3328,-69.1208,23.67,90,55,0.14,VE,1685618661
54,vaini,-21.2,-175.2,23.09,88,20,4.12,TO,1685618661
55,kodiak,57.79,-152.4072,5.73,87,100,2.06,US,1685618661
56,atuona,-9.8,-139.0333,26.68,78,48,2.48,PF,1685618661
57,gazanjyk,39.2446,55.5154,37.37,13,4,2.12,TM,1685618661
58,arys,42.4252,68.795,34.19,12,0,10.54,KZ,1685618661
59,terney,45.0503,136.6092,12.72,99,87,2.24,RU,1685618661
60,tari,12.4086,4.4914,36.01,37,100,4.63,NG,1685618661
61,lompoc,34.6391,-120.4579,12.79,85,0,2.57,US,1685618662
62,kjollefjord,70.9457,27.3465,5.03,70,75,5.66,NO,1685618662
63,garden city,42.3256,-83.331,19.56,69,40,0.0,US,1685618662
64,cape town,-33.9258,18.4232,19.49,80,75,1.03,ZA,1685618058
65,maksatikha,57.797,35.8825,17.46,54,81,4.88,RU,1685618662
66,hobart,-42.8794,147.3294,8.92,70,75,3.6,AU,1685618395
67,san jose,37.3394,-121.895,12.9,80,40,9.83,US,1685618421
68,dikson,73.5069,80.5464,0.02,99,100,1.27,RU,1685618662
69,westport,41.1415,-73.3579,17.37,92,0,0.0,US,1685618662
70,tasiilaq,65.6145,-37.6368,2.09,100,100,0.77,GL,1685618662
71,townsville,-19.25,146.8,19.49,88,20,2.57,AU,1685618662
72,busselton,-33.65,115.3333,13.22,80,53,3.9,AU,1685618663
73,bluff,-46.6,168.3333,10.74,77,49,15.2,NZ,1685618663
74,san patricio,28.017,-97.5169,27.92,75,43,4.15,US,1685618663
75,yuma,32.7253,-114.6244,19.38,50,0,2.06,US,1685618663
76,colares,38.7992,-9.4469,26.85,62,20,5.81,PT,1685618663
77,olafsvik,64.8945,-23.7142,9.24,93,100,5.47,IS,1685618663
78,carauari,-4.8828,-66.8958,22.43,99,93,0.97,BR,1685618663
79,puerto ayora,-0.7393,-90.3518,24.75,92,71,3.13,EC,1685618663
80,manjacaze,-24.7117,33.8828,28.48,46,5,3.62,MZ,1685618663
81,chuy,-33.6971,-53.4616,13.78,88,38,2.19,UY,1685618663
82,davila,18.4726,120.5763,26.99,83,98,6.95,PH,1685618663
83,ambon,-3.6954,128.1814,28.69,89,40,2.06,ID,1685618486
84,carnarvon,-24.8667,113.6333,21.15,64,0,5.77,AU,1685618664
85,auki,-8.7676,160.7034,25.83,85,40,1.74,SB,1685618664
86,songjianghe,42.1859,127.479,9.58,98,97,2.15,CN,1685618664
87,aklavik,68.2191,-135.0107,2.0,93,100,6.69,CA,1685618664
88,mecca,21.4267,39.8261,40.41,18,3,2.56,SA,1685618527
89,hasaki,35.7333,140.8333,21.23,79,100,6.74,JP,1685618664
90,waipawa,-41.4122,175.5153,13.74,78,17,8.43,NZ,1685618664
91,upernavik,72.7868,-56.1549,-1.26,98,100,4.11,GL,1685618664
92,ribeira grande,38.5167,-28.7,19.87,82,20,3.09,PT,1685618664
93,sault sainte marie,46.5168,-84.3333,18.16,77,0,2.57,CA,1685618664
94,belle fourche,44.6714,-103.8522,17.5,79,95,0.72,US,1685618665
95,east london,-33.0153,27.9116,20.52,49,0,8.23,ZA,1685618665
96,khandyga,62.6667,135.6,15.86,63,100,2.53,RU,1685618665
97,llanes,43.4198,-4.7549,19.53,70,1,2.37,ES,1685618665
98,tucumcari,35.1717,-103.725,15.43,87,100,5.11,US,1685618665
99,chumikan,54.7183,135.315,6.7,85,100,4.5,RU,1685618665
100,georgetown,5.4112,100.3354,31.96,74,40,3.6,MY,1685618665
101,ahipara,-35.1667,173.1667,14.9,92,100,3.47,NZ,1685618665
102,hambantota,6.1241,81.1185,32.19,70,75,8.23,LK,1685618665
103,tura,25.5198,90.2201,36.49,23,45,2.64,IN,1685618665
104,manaure,11.7751,-72.4445,27.59,81,97,2.19,CO,1685618665
105,oranjemund,-28.55,16.4333,22.12,37,16,0.69,NA,1685618666
106,jamestown,42.097,-79.2353,14.8,84,0,0.45,US,1685618436
107,ponta do sol,32.6667,-17.1,25.4,74,45,4.48,PT,1685618666
108,thompson,55.7435,-97.8558,10.09,87,100,2.57,CA,1685618666
109,copiapo,-27.3667,-70.3333,9.83,64,0,1.01,CL,1685618666
110,bay roberts,47.5999,-53.2648,9.25,75,40,0.45,CA,1685618666
111,ketchikan,55.3422,-131.6461,8.99,93,100,2.57,US,1685618666
112,kshenskiy,51.8408,37.7136,19.79,50,2,2.96,RU,1685618460
113,cave spring,37.2276,-80.0128,13.96,95,0,0.45,US,1685618666
114,redmond,47.674,-122.1215,10.56,85,17,0.79,US,1685618666
115,kahului,20.8947,-156.47,24.91,78,75,6.26,US,1685618666
116,shambu,9.5667,37.1,19.11,60,42,0.93,ET,1685618667
117,san policarpo,12.1791,125.5072,28.79,76,97,3.31,PH,1685618667
118,uyuni,-20.4597,-66.825,0.34,29,0,0.24,BO,1685618667
119,kediri,-7.8167,112.0167,25.07,86,89,4.87,ID,1685618667
120,bitung,1.4451,125.1824,28.47,85,27,5.23,ID,1685618581
121,mahebourg,-20.4081,57.7,26.25,73,75,4.12,MU,1685618667
122,luderitz,-26.6481,15.1594,18.64,51,0,5.28,NA,1685618413
123,matara,5.9485,80.5353,28.86,76,83,5.96,LK,1685618667
124,kinsale,51.7075,-8.5306,18.65,68,20,4.12,IE,1685618667
125,black river,18.0264,-77.8487,25.55,89,99,2.14,JM,1685618667
126,hamilton,39.1834,-84.5333,19.87,90,0,1.54,US,1685618397
127,avera,33.194,-82.5271,17.43,91,100,2.59,US,1685618667
128,havelock,34.8791,-76.9013,19.0,94,100,4.12,US,1685618667
129,qaanaaq,77.484,-69.3632,-9.62,77,3,3.76,GL,1685618668
130,laguna,38.421,-121.4238,13.21,82,0,2.57,US,1685618668
131,seguela,7.9611,-6.6731,29.23,63,97,2.17,CI,1685618668
132,hithadhoo,-0.6,73.0833,27.93,74,95,3.24,MV,1685618668
133,port hardy,50.6996,-127.4199,9.0,100,40,1.03,CA,1685618668
134,bredasdorp,-34.5322,20.0403,18.34,79,99,0.89,ZA,1685618668
135,bojnurd,37.4747,57.329,30.97,27,20,2.06,IR,1685618594
136,swellendam,-34.0226,20.4417,19.08,75,88,0.52,ZA,1685618668
137,fort nelson,58.8053,-122.7002,3.3,90,40,1.03,CA,1685618668
138,novyy urengoy,66.0833,76.6333,18.46,59,100,9.72,RU,1685618668
139,kaitangata,-46.2817,169.8464,14.96,74,23,8.73,NZ,1685618668
140,biltine,14.5333,20.9167,37.85,25,17,2.92,TD,1685618669
141,provideniya,64.3833,-173.3,1.94,87,100,2.35,RU,1685618669
142,bonavista,48.6499,-53.1147,4.48,96,84,2.65,CA,1685618669
143,berlevag,70.8578,29.0864,5.0,75,75,6.69,NO,1685618669
144,hanna,51.6334,-111.9018,12.7,79,100,2.24,CA,1685618669
145,bud,39.447,-86.1758,19.9,95,7,1.82,US,1685618669
146,bandarbeyla,9.4942,50.8122,33.7,52,49,10.17,SO,1685618669
147,yellowknife,62.456,-114.3525,7.29,70,20,1.54,CA,1685618669
148,bengkulu,-3.8004,102.2655,26.94,85,45,3.57,ID,1685618669
149,santa vitoria do palmar,-33.5189,-53.3681,13.59,88,18,2.08,BR,1685618669
150,airai,-8.9266,125.4092,14.01,91,81,0.94,TL,1685618669
151,gat,31.61,34.7642,34.67,14,55,1.78,IL,1685618670
152,texarkana,33.4251,-94.0477,20.13,85,0,2.57,US,1685618670
153,bindura,-17.3019,31.3306,28.48,21,3,2.11,ZW,1685618670
154,poya,-21.35,165.15,21.15,87,93,2.28,NC,1685618670
155,villanueva,15.3167,-88.0,26.13,83,75,1.54,HN,1685618670
156,pizhanka,57.4604,48.542,17.3,67,96,4.37,RU,1685618670
157,rio pardo de minas,-15.6097,-42.5397,19.78,74,66,1.01,BR,1685618670
158,witbank,-25.8713,29.2332,14.28,35,0,4.39,ZA,1685618432
159,russell,32.3502,-85.1999,18.89,97,100,2.57,US,1685618398
160,ilulissat,69.2167,-51.1,7.01,61,75,2.57,GL,1685618671
161,chincha alta,-13.4099,-76.1323,19.33,83,64,1.72,PE,1685618671
162,phon thong,16.3016,103.9768,33.93,46,38,6.59,TH,1685618671
163,kaseda,31.4167,130.3167,22.03,95,100,5.62,JP,1685618671
164,matucana,-11.85,-76.4,13.66,42,37,4.49,PE,1685618671
165,saurimo,-9.6608,20.3916,31.93,24,2,2.67,AO,1685618671
166,izhma,65.0083,53.9113,15.8,76,96,2.69,RU,1685618671
167,clarence town,-32.5833,151.7833,18.78,64,38,1.42,AU,1685618671
168,longyearbyen,78.2186,15.6401,0.91,64,0,3.6,SJ,1685618671
169,khatanga,71.9667,102.5,10.53,79,90,5.47,RU,1685618672
170,mahibadhoo,3.7833,72.9667,28.05,79,98,9.39,MV,1685618672
171,beringovskiy,63.05,179.3167,2.64,91,100,4.06,RU,1685618497
172,oyama,36.3,139.8,23.1,68,100,4.46,JP,1685618672
173,brockville,44.5834,-75.6826,18.47,77,0,1.34,CA,1685618672
174,tiksi,71.6872,128.8694,4.33,66,61,2.44,RU,1685618672
175,asifabad,19.3667,79.2833,42.66,12,9,3.62,IN,1685618672
176,dourdan,48.5277,2.0111,25.68,52,10,5.69,FR,1685618672
177,namibe,-15.1961,12.1522,25.09,54,17,3.69,AO,1685618672
178,fortuna,40.5982,-124.1573,10.52,92,100,2.57,US,1685618672
179,nikolskoye,59.7035,30.7861,13.94,34,86,5.75,RU,1685618673
180,rio cuarto,-33.1307,-64.3499,6.87,93,0,2.57,AR,1685618595
181,saint anthony,45.0205,-93.218,21.88,80,40,2.06,US,1685618673
182,gamba,-2.65,10.0,27.44,74,97,3.01,GA,1685618673
183,cabo san lucas,22.8909,-109.9124,21.4,63,10,1.34,MX,1685618670
184,bawku,11.0616,-0.2417,32.95,47,100,4.74,GH,1685618673
185,lasa,46.6166,10.7002,22.05,53,21,1.46,IT,1685618673
186,visnes,59.3556,5.2242,11.79,62,17,13.89,NO,1685618673
187,porto novo,6.4965,2.6036,28.9,68,100,3.88,BJ,1685618673
188,westmont,33.9414,-118.3023,16.82,84,100,1.54,US,1685618673
189,marawi,7.9986,124.2928,22.59,81,100,1.98,PH,1685618673
190,progreso,21.2833,-89.6667,22.28,90,2,2.07,MX,1685618673
191,arraial do cabo,-22.9661,-42.0278,21.98,83,40,9.26,BR,1685618674
192,port alfred,-33.5906,26.891,22.32,62,22,1.79,ZA,1685618674
193,belaya gora,68.5333,146.4167,9.37,28,5,0.94,RU,1685618674
194,moindou,-21.6924,165.677,22.45,79,99,1.7,NC,1685618674
195,daye,30.0833,114.95,26.58,76,29,0.43,CN,1685618674
196,marovoay,-16.1,46.6333,32.88,30,1,3.25,MG,1685618674
197,lorengau,-2.0226,147.2712,27.62,77,71,1.18,PG,1685618674
198,port blair,11.6667,92.75,30.05,68,84,5.95,IN,1685618674
199,vila franca do campo,37.7167,-25.4333,19.23,70,85,0.98,PT,1685618674
200,bambous virieux,-20.3428,57.7575,26.23,73,75,4.12,MU,1685618675
201,faanui,-16.4833,-151.75,24.76,62,16,4.35,PF,1685618675
202,gimli,50.6336,-96.9907,17.01,94,59,4.12,CA,1685618675
203,constitucion,-35.3333,-72.4167,12.38,88,80,0.87,CL,1685618675
204,araguari,-18.6472,-48.1872,17.16,87,0,1.57,BR,1685618464
205,qandala,11.472,49.8728,32.83,55,5,2.47,SO,1685618675
206,kirksville,40.1948,-92.5833,19.21,87,20,0.0,US,1685618675
207,port elizabeth,-33.918,25.5701,22.28,64,0,0.45,ZA,1685617836
208,tupancireta,-29.0806,-53.8358,12.67,90,13,1.61,BR,1685618675
209,joshimath,30.5667,79.5667,20.44,59,87,3.35,IN,1685618675
210,fukue,32.6881,128.8419,21.81,96,100,7.04,JP,1685618675
211,pyaozerskiy,65.8333,31.1667,8.48,38,100,3.68,RU,1685618676
212,bucerias,20.75,-105.3333,22.32,87,27,0.83,MX,1685618676
213,baoding,38.8511,115.4903,31.26,10,28,6.05,CN,1685618676
214,balikpapan,-1.2675,116.8289,26.6,85,94,3.23,ID,1685618676
215,necochea,-38.5473,-58.7368,10.6,68,0,3.88,AR,1685618498
216,asau,46.4333,26.4,24.6,59,55,2.02,RO,1685618676
217,puerto ayacucho,5.6639,-67.6236,23.72,92,51,1.48,VE,1685618676
218,kavieng,-2.5744,150.7967,27.84,81,100,6.63,PG,1685618676
219,srednekolymsk,67.45,153.6833,7.91,32,0,2.68,RU,1685618632
220,portland,45.5234,-122.6762,9.0,86,0,2.57,US,1685618162
221,muroto,33.2833,134.15,20.7,98,100,3.04,JP,1685618676
222,vila,42.0304,-8.1588,17.61,77,63,0.7,PT,1685618676
223,otradnoye,59.7775,30.8181,14.03,35,81,5.76,RU,1685618676
224,opuwo,-18.0607,13.84,29.02,15,0,4.26,NA,1685618677
225,seoul,37.5683,126.9778,24.66,66,0,3.6,KR,1685618677
226,kamenka,51.3223,42.7678,19.09,51,74,3.12,RU,1685618677
227,chokurdakh,70.6333,147.9167,-0.41,77,59,1.45,RU,1685618677
228,farafangana,-22.8167,47.8333,23.92,63,50,3.0,MG,1685618677
229,letlhakane,-21.4167,25.5833,27.19,15,70,0.82,BW,1685618677
230,kaeo,-35.1,173.7833,14.88,93,97,2.9,NZ,1685618677
231,kununurra,-15.7667,128.7333,17.99,63,29,2.06,AU,1685618677
232,la brea,15.8,-85.9667,23.99,85,95,1.27,HN,1685618677
233,cockburn town,21.4612,-71.1419,27.48,86,100,7.99,TC,1685618678
234,synya,65.3718,58.0387,11.87,91,100,2.54,RU,1685618678
235,muros,42.7762,-9.0603,24.91,64,42,2.9,ES,1685618678
236,seymchan,62.8833,152.4333,10.16,63,75,8.07,RU,1685618678
237,astaneh-ye ashrafiyeh,37.2596,49.9444,26.96,56,5,4.42,IR,1685618678
238,lincoln,40.8,-96.667,20.56,90,100,5.14,US,1685618611
239,pacific grove,36.6177,-121.9166,12.59,83,100,1.54,US,1685618678
240,dingle,10.9995,122.6711,26.69,82,99,3.69,PH,1685618678
241,qaqortoq,60.7167,-46.0333,4.5,86,96,1.37,GL,1685618678
242,boyolangu,-8.1181,111.8935,24.87,88,95,3.16,ID,1685618678
243,beloha,-25.1667,45.05,26.99,44,2,6.4,MG,1685618678
244,emmett,43.8735,-116.4993,14.83,82,93,2.33,US,1685618678
245,suzun,53.7841,82.3116,26.52,21,39,2.81,RU,1685618679
246,tsiroanomandidy,-18.7667,46.0333,27.37,31,27,1.23,MG,1685618679
247,touros,-5.1989,-35.4608,26.82,79,46,4.84,BR,1685618679
248,pisco,-13.7,-76.2167,20.03,83,100,1.54,PE,1685618466
249,baruun-urt,46.6806,113.2792,17.92,30,94,5.67,MN,1685618679
250,quesnel,52.9999,-122.5029,1.28,93,0,0.0,CA,1685618679
251,usinsk,65.9939,57.5281,15.98,69,100,7.11,RU,1685618679
252,la peca,-5.6111,-78.435,18.08,95,61,0.76,PE,1685618679
253,lujiang,31.2581,117.2817,26.84,66,13,1.26,CN,1685618679
254,saldanha,-33.0117,17.9442,18.03,73,99,0.75,ZA,1685618679
255,norman wells,65.282,-126.8329,5.02,81,75,1.54,CA,1685618679
256,muisne,0.6,-80.0333,25.24,89,98,2.89,EC,1685618679
257,pietersburg,-23.9045,29.4688,23.47,27,20,5.14,ZA,1685618680
258,iquique,-20.2208,-70.1431,19.02,77,65,1.12,CL,1685618499
259,inyonga,-6.7167,32.0667,28.39,38,2,2.31,TZ,1685618680
260,mesto albrechtice,50.1629,17.5748,25.13,49,98,1.38,CZ,1685618680
261,katangli,51.7102,143.2326,4.49,97,100,2.49,RU,1685618680
262,bukama,-9.2,25.85,34.62,21,12,0.83,CD,1685618680
263,bira,49.0,132.4667,10.24,90,63,0.91,RU,1685618680
264,kangaatsiaq,68.3065,-53.4641,0.99,99,100,5.21,GL,1685618680
265,eureka,40.8021,-124.1637,10.67,92,10,0.89,US,1685618680
266,pitimbu,-7.4706,-34.8086,27.33,79,71,3.12,BR,1685618680
267,san jose del guaviare,2.5729,-72.6459,21.88,100,98,0.22,CO,1685618680
268,ancud,-41.8697,-73.8203,8.76,91,100,3.61,CL,1685618681
269,horn,51.8715,8.9451,14.32,80,80,4.3,DE,1685618681
270,ylivieska,64.0833,24.55,6.05,28,93,4.37,FI,1685618681
271,itoman,26.1247,127.6694,26.89,94,75,18.52,JP,1685618681
272,soe,-9.8607,124.284,16.08,92,66,1.93,ID,1685618681
273,san javier,37.8063,-0.8374,26.43,66,20,4.47,ES,1685618681
274,belmonte,-15.8631,-38.8828,23.72,84,28,1.76,BR,1685618681
275,petropavlovsk-kamchatskiy,53.0452,158.6483,4.33,100,100,3.0,RU,1685618604
276,huarmey,-10.0681,-78.1522,20.55,86,76,2.46,PE,1685618681
277,great falls,47.5002,-111.3008,13.71,87,20,1.54,US,1685618681
278,coquimbo,-29.9533,-71.3436,12.85,87,100,1.03,CL,1685618406
279,namatanai,-3.6667,152.4333,26.67,83,99,4.41,PG,1685618682
280,xuddur,4.1213,43.8894,33.86,34,25,6.69,SO,1685618682
281,port jervis,41.3751,-74.6927,15.23,72,0,0.97,US,1685618682
282,paamiut,61.994,-49.6678,2.45,89,100,9.99,GL,1685618682
283,narsaq,60.9167,-46.05,5.12,75,85,1.43,GL,1685618682
284,vagur,61.4732,-6.8119,7.7,73,100,3.91,FO,1685618590
285,mogadishu,2.0371,45.3438,27.93,83,75,9.77,SO,1685618532
286,buin,-33.7333,-70.75,17.46,57,100,0.86,CL,1685618682
287,sembe,1.6481,14.5806,33.87,44,59,0.57,CG,1685618682
288,bukachacha,52.9833,116.9167,16.26,36,76,2.89,RU,1685618682
289,korla,41.7597,86.1469,26.81,16,79,4.33,CN,1685618682
290,vao,-22.6667,167.4833,22.21,77,100,9.2,NC,1685618682
291,shizukuishi,39.6833,140.9833,13.82,95,100,1.56,JP,1685618682
292,fort wellington,6.4,-57.6,26.37,87,36,3.11,GY,1685618683
293,yeppoon,-23.1333,150.7333,14.88,84,0,2.25,AU,1685618683
294,jatiroto,-7.8833,111.1167,25.01,84,95,1.65,ID,1685618683
295,alyangula,-13.8483,136.4192,22.36,84,68,3.76,AU,1685618683
296,faya,18.3851,42.4509,26.06,40,92,0.68,SA,1685618683
297,kaili,-3.4626,120.2147,20.81,96,100,0.52,ID,1685618683
298,puerto padre,21.195,-76.6028,23.75,94,100,1.29,CU,1685618683
299,provost,52.3501,-110.2683,12.25,79,96,2.21,CA,1685618683
300,mildura,-34.2,142.15,14.48,78,90,3.86,AU,1685618683
301,vikhorevka,56.1201,101.1636,19.77,35,89,2.33,RU,1685618683
302,chifeng,42.2683,118.9636,16.03,61,86,7.04,CN,1685618683
303,honiara,-9.4333,159.95,26.04,88,70,1.53,SB,1685618684
304,dumai,1.6833,101.45,27.14,84,97,0.98,ID,1685618684
305,port hedland,-20.3167,118.5667,19.03,72,0,3.6,AU,1685618684
306,taltal,-25.4,-70.4833,14.53,81,43,0.86,CL,1685618684
307,zeerust,-25.5369,26.0751,19.41,24,0,2.81,ZA,1685618684
308,fuchu,35.6667,139.4833,21.94,79,100,6.63,JP,1685618684
309,banda aceh,5.5577,95.3222,29.07,73,78,6.72,ID,1685618684
310,ibimirim,-8.5406,-37.6903,23.77,79,98,4.73,BR,1685618684
311,waitati,-45.75,170.5667,14.08,73,37,3.09,NZ,1685618684
312,launceston,-41.45,147.1667,7.31,86,40,3.09,AU,1685618684
313,sao jose da coroa grande,-8.8978,-35.1478,25.72,83,25,1.73,BR,1685618684
314,antofagasta,-23.65,-70.4,16.6,86,1,1.44,CL,1685618685
315,te anau,-45.4167,167.7167,8.64,82,90,5.95,NZ,1685618685
316,yulara,-25.2406,130.9889,17.07,34,43,1.19,AU,1685618685
317,cap malheureux,-19.9842,57.6142,26.37,63,6,1.34,MU,1685618685
318,ossora,59.2353,163.0719,4.23,94,100,6.06,RU,1685618685
319,lavrentiya,65.5833,-171.0,-1.18,97,100,3.02,RU,1685618685
320,miranda,3.2499,-76.2281,19.07,89,99,1.35,CO,1685618685
321,chake chake,-5.2459,39.7666,27.2,77,8,4.3,TZ,1685618685
322,songea,-10.6833,35.65,25.43,43,27,2.46,TZ,1685618686
323,odienne,9.51,-7.5692,32.48,48,93,1.85,CI,1685618686
324,kavaratti,10.5669,72.642,29.46,72,100,3.61,IN,1685618686
325,yudong,29.385,106.5194,25.33,88,100,0.23,CN,1685618686
326,margate,51.3813,1.3862,13.83,76,100,4.02,GB,1685618622
327,yerbogachen,61.2767,108.0108,16.09,38,38,2.81,RU,1685618686
328,vidim,56.4088,103.1106,19.3,35,82,2.2,RU,1685618686
329,safaga,26.7292,33.9365,31.55,41,25,3.28,EG,1685618686
330,half moon bay,37.4636,-122.4286,13.28,87,100,4.12,US,1685618686
331,sisimiut,66.9395,-53.6735,1.67,98,100,8.58,GL,1685618641
332,manturovo,58.3353,44.7619,18.54,43,39,3.83,RU,1685618686
333,port augusta,-32.5,137.7667,18.15,46,100,2.29,AU,1685618687
334,nuuk,64.1835,-51.7216,1.34,100,100,23.66,GL,1685618687
335,rocha,-34.4833,-54.3333,11.96,92,43,1.99,UY,1685618687
336,manyana,-23.4,21.7167,22.69,19,30,2.45,BW,1685618687
337,sokolo,14.7328,-6.1219,38.17,25,92,4.05,ML,1685618687
338,cidreira,-30.1811,-50.2056,15.19,82,3,2.65,BR,1685618687
339,lima,-12.0432,-77.0282,21.14,82,100,2.06,PE,1685617970
340,codrington,-38.2667,141.9667,11.12,57,99,1.56,AU,1685618687
341,aktas,49.7789,72.9608,26.86,20,0,4.11,KZ,1685618687
342,general pico,-35.6566,-63.7568,10.12,75,10,2.84,AR,1685618687
343,aripuana,-9.1667,-60.6333,22.22,99,97,0.47,BR,1685618687
344,mana,5.6592,-53.7767,25.53,88,98,2.19,GF,1685618687
345,whitehorse,60.7161,-135.0538,2.43,64,20,5.14,CA,1685618688
346,sept-iles,50.2001,-66.3821,15.29,59,75,3.6,CA,1685618688
347,klaksvik,62.2266,-6.589,10.51,68,65,4.45,FO,1685618404
348,vanimo,-2.6741,141.3028,26.5,81,54,0.66,PG,1685618688
349,macon,39.8667,-88.9668,19.93,77,0,0.0,US,1685618688
350,chara,56.9064,118.2631,14.84,42,72,3.95,RU,1685618688
351,bestobe,52.4994,73.0975,29.94,19,53,4.01,KZ,1685618688
352,nizhniy kuranakh,58.8353,125.4869,13.13,68,100,1.44,RU,1685618688
353,iqaluit,63.7506,-68.5145,-3.15,79,75,10.8,CA,1685618688
354,batticaloa,7.7102,81.6924,31.23,65,80,6.31,LK,1685618688
355,umkomaas,-30.2067,30.7978,20.85,46,29,2.89,ZA,1685618689
356,trairi,-3.2778,-39.2689,25.7,84,65,3.4,BR,1685618689
357,pinotepa nacional,16.3167,-98.0167,25.77,86,34,0.78,MX,1685618689
358,brigantine,39.4101,-74.3646,18.33,94,100,2.06,US,1685618689
359,talalayivka,50.9578,31.9209,22.46,44,5,3.36,UA,1685618689
360,sherkot,29.35,78.5833,37.76,18,45,6.85,IN,1685618689
361,sinnamary,5.3833,-52.95,25.48,87,100,2.22,GF,1685618689
362,labytnangi,66.6572,66.4183,12.07,95,100,6.52,RU,1685618455
363,canavieiras,-15.675,-38.9472,23.22,85,35,1.75,BR,1685618689
364,nurota,40.5614,65.6886,34.52,10,3,7.95,UZ,1685618689
365,mar del plata,-38.0023,-57.5575,10.61,81,0,2.57,AR,1685618633
366,ariquemes,-9.9133,-63.0408,22.03,93,100,1.2,BR,1685618689
367,novoagansk,61.9449,76.6625,27.58,30,92,7.16,RU,1685618690
368,shizunai,42.3339,142.3669,11.9,79,95,4.52,JP,1685618690
369,encheng,22.1839,112.3026,29.01,85,49,2.75,CN,1685618690
370,asosa,10.0667,34.5333,26.57,47,61,1.05,ET,1685618690
371,pascagoula,30.3658,-88.5561,21.03,95,0,1.54,US,1685618690
372,camrose,53.0168,-112.8353,12.17,88,69,5.89,CA,1685618690
373,otane,-39.8833,176.6333,15.56,66,87,3.31,NZ,1685618690
374,muli,2.9167,73.5667,27.95,78,97,7.87,MV,1685618690
375,majene,-3.5403,118.9707,27.0,86,100,3.45,ID,1685618691
376,carman,49.4992,-98.0016,16.05,88,100,1.03,CA,1685618691
377,linxia,35.6003,103.2064,15.53,67,100,1.22,CN,1685618691
378,calvia,39.5657,2.5062,23.26,71,84,1.51,ES,1685618412
379,saint george,37.1041,-113.5841,18.47,35,0,0.89,US,1685618691
380,ostrovnoy,68.0531,39.5131,7.24,90,100,4.42,RU,1685618691
381,camacha,33.0833,-16.3333,19.68,73,40,6.69,PT,1685618691
382,jilib,0.4883,42.7854,31.71,49,50,5.5,SO,1685618691
383,sao joao da barra,-21.6403,-41.0511,22.05,89,19,3.77,BR,1685618691
384,inndyr,67.0338,14.0276,5.53,82,100,4.81,NO,1685618691
385,zhoucheng,35.9122,116.3117,28.94,28,37,2.44,CN,1685618691
386,caborca,30.5838,-111.101,16.81,40,3,2.02,MX,1685618692
387,pangnirtung,66.1451,-65.7125,-1.0,93,100,3.6,CA,1685618692
388,pedasi,7.5333,-80.0333,25.04,81,100,2.06,PA,1685618692
389,morro bay,35.3658,-120.8499,12.92,87,72,0.45,US,1685618692
390,abu dhabi,24.4667,54.3667,38.06,28,0,8.75,AE,1685618501
391,montrose,38.4166,-108.2673,6.67,73,56,1.14,US,1685618452
392,chandbali,20.7833,86.7667,34.86,50,90,6.84,IN,1685618692
393,porto torres,40.835,8.3972,23.1,65,42,2.37,IT,1685618692
394,lata,40.1629,-8.3327,25.83,51,15,1.69,PT,1685618692
395,axim,4.8699,-2.2405,29.17,71,100,4.33,GH,1685618692
396,toba,34.4833,136.85,21.0,95,100,5.45,JP,1685618692
397,lalmohan,22.3384,90.7419,31.46,64,80,5.35,BD,1685618693
398,vanavara,60.34,102.2797,19.7,37,41,2.67,RU,1685618693
399,bairiki,1.3292,172.9752,28.84,75,45,4.39,KI,1685618693
400,ayagoz,47.9714,80.4392,22.46,24,0,7.17,KZ,1685618693
401,minot,48.2325,-101.2963,14.45,94,20,0.0,US,1685618693
402,nador,35.174,-2.9287,24.04,73,40,2.57,MA,1685618693
403,asyut,27.181,31.1837,42.61,9,63,5.74,EG,1685618399
404,guarapari,-20.6667,-40.4975,22.16,84,68,1.59,BR,1685618693
405,kismayo,-0.3582,42.5454,28.86,65,29,7.07,SO,1685618693
406,hauterive,46.0901,3.4459,24.42,46,1,1.81,FR,1685618693
407,port-cartier,50.0334,-66.8654,15.12,53,33,2.6,CA,1685618693
408,saravan,39.7196,45.6483,20.21,35,11,4.34,AM,1685618694
409,muana,-1.5283,-49.2167,25.96,83,5,1.95,BR,1685618694
410,kiama,-34.6833,150.8667,17.22,86,31,2.37,AU,1685618694
411,kumluca,36.3703,30.2869,23.49,68,45,3.73,TR,1685618694
412,kolyubakino,55.668,36.5323,20.16,38,10,4.89,RU,1685618694
413,estelle,29.8458,-90.1067,24.99,82,17,0.45,US,1685618694
414,centralia,46.7162,-122.9543,8.03,94,40,0.0,US,1685618694
415,kharp,66.8014,65.8081,12.23,89,100,4.61,RU,1685618694
416,taoudenni,22.6783,-3.9836,35.83,8,78,4.48,ML,1685618694
417,san miguel,13.4833,-88.1833,23.38,97,100,0.19,SV,1685618694
418,bathsheba,13.2167,-59.5167,28.34,83,20,5.14,BB,1685618694
419,high prairie,55.4334,-116.4858,6.73,85,99,1.88,CA,1685618695
420,esperance,-33.8667,121.9,14.3,85,99,15.93,AU,1685618695
421,okha,53.5739,142.9478,1.22,98,100,2.61,RU,1685618695
422,chyhyryn,49.0838,32.6555,20.52,40,1,2.06,UA,1685618695
423,marsh harbour,26.5412,-77.0636,26.0,79,98,4.66,BS,1685618695
424,gadsden,34.0143,-86.0066,18.67,97,0,0.0,US,1685618695
425,fairmont,39.4851,-80.1426,14.31,82,0,1.1,US,1685618695
426,beian,63.6559,9.5683,7.78,76,75,7.2,NO,1685618695
427,ankazoabo,-22.2833,44.5167,29.88,23,91,1.09,MG,1685618695
428,yuancheng,36.652,107.7896,23.42,26,86,5.7,CN,1685618695
429,derzhavinsk,51.1,66.3167,32.43,17,58,3.44,KZ,1685618695
430,ahuimanu,21.4447,-157.8378,25.84,80,40,3.09,US,1685618695
431,sterling,39.0062,-77.4286,16.41,87,0,1.54,US,1685618696
432,souillac,-20.5167,57.5167,24.21,73,75,4.12,MU,1685618696
433,riyadh,24.6877,46.7219,40.08,17,71,2.94,SA,1685618180
434,serenje,-13.2325,30.2352,26.29,26,2,2.72,ZM,1685618696
435,nome,64.5011,-165.4064,-0.47,100,100,4.63,US,1685618696
436,puerto carreno,6.189,-67.4859,24.56,87,31,1.62,CO,1685618696
437,carberry,49.8689,-99.3602,17.13,89,99,2.9,CA,1685618696
438,dzhebariki-khaya,62.2167,135.8,14.51,72,100,1.06,RU,1685618696
439,amahai,-3.3333,128.9167,29.44,88,88,2.85,ID,1685618696
440,zhangjiakou,40.81,114.8794,17.7,48,30,8.71,CN,1685618696
441,shenkursk,62.1091,42.896,15.61,56,93,4.21,RU,1685618697
442,shache,38.4167,77.2406,30.62,11,100,4.56,CN,1685618697
443,cerrik,41.0317,19.9758,26.75,46,68,1.69,AL,1685618697
444,buraydah,26.326,43.975,38.25,17,0,2.23,SA,1685618697
445,nouadhibou,20.931,-17.0347,23.99,60,90,9.77,MR,1685618697
446,kharan,28.5833,65.4167,40.35,2,13,5.25,PK,1685618697
447,aswan,24.0934,32.907,41.94,10,1,2.49,EG,1685618697
448,timra,62.487,17.3257,10.82,28,0,8.23,SE,1685618697
449,zhigansk,66.7697,123.3711,9.68,45,28,6.16,RU,1685618697
450,puerto cabezas,14.0351,-83.3888,23.82,94,99,3.32,NI,1685618697
451,arlit,18.7369,7.3853,40.78,5,70,6.15,NE,1685618697
452,naze,28.3667,129.4833,23.51,96,100,13.93,JP,1685618698
453,alofi,-19.0595,-169.9187,18.94,100,86,0.51,NU,1685618698
454,bell ville,-32.6259,-62.6887,13.3,94,34,2.79,AR,1685618698
455,luanda,-8.8368,13.2343,26.0,73,75,4.63,AO,1685618698
456,ozu,33.5,132.55,20.46,99,100,1.1,JP,1685618698
457,rundu,-17.9333,19.7667,31.11,20,4,3.02,NA,1685618698
458,bilibino,68.0546,166.4372,2.62,46,0,1.19,RU,1685618698
459,kochubey,44.3861,46.5825,24.09,58,59,7.56,RU,1685618698
460,sao gabriel da cachoeira,-0.1303,-67.0892,21.99,100,97,0.56,BR,1685618698
461,coahuayana,18.7333,-103.6833,21.93,88,2,1.3,MX,1685618698
462,kholodnyy,62.7167,147.95,8.16,65,100,5.73,RU,1685618698
463,levelland,33.5873,-102.378,20.11,81,93,5.19,US,1685618699
464,abha,18.2164,42.5053,25.9,41,75,3.09,SA,1685618506
465,mattru,7.6244,-11.8332,30.25,67,100,0.8,SL,1685618699
466,vigrestad,58.5667,5.7,13.31,69,9,11.94,NO,1685618699
467,valdivia,-39.8142,-73.2459,8.05,98,100,0.87,CL,1685618524
468,cayenne,4.9333,-52.3333,24.02,94,100,0.51,GF,1685618699
469,chikhli,20.35,76.25,39.34,12,2,6.48,IN,1685618699
470,araouane,18.9048,-3.5265,38.06,7,69,4.15,ML,1685618699
471,lookan,5.037,120.1027,28.8,83,100,4.63,PH,1685618699
472,samarai,-10.6167,150.6667,26.37,85,29,5.64,PG,1685618699
473,lebu,-37.6167,-73.65,10.81,91,71,3.38,CL,1685618700
474,kokstad,-30.5472,29.4241,12.53,44,68,2.18,ZA,1685618700
475,vostok,46.4856,135.8833,8.27,98,100,0.87,RU,1685618700
476,ulladulla,-35.35,150.4667,14.82,80,87,1.57,AU,1685618700
477,dunedin,-45.8742,170.5036,13.82,75,47,3.56,NZ,1685618700
478,evensk,61.95,159.2333,10.2,76,90,4.37,RU,1685618700
479,huilong,31.8111,121.655,22.5,90,52,3.24,CN,1685618700
480,luganville,-15.5333,167.1667,25.39,88,41,3.18,VU,1685618700
481,umm lajj,25.0213,37.2685,32.18,51,0,4.72,SA,1685618700
482,san quintin,30.4833,-115.95,14.71,87,56,4.22,MX,1685618700
483,yaan,7.3833,8.5667,33.4,48,84,2.61,NG,1685618701
484,liku,-0.7275,119.8922,25.79,91,92,0.13,ID,1685618701
485,the valley,18.217,-63.0578,28.39,89,40,6.69,AI,1685618701
486,baculin,7.4525,126.5842,27.53,89,66,4.22,PH,1685618701
487,tuatapere,-46.1333,167.6833,9.84,79,71,6.95,NZ,1685618701
488,caravelas,-17.7125,-39.2481,24.38,81,4,0.79,BR,1685618701
489,vardo,70.3705,31.1107,5.99,65,75,9.26,NO,1685618701
490,saint-paul,-21.0096,55.2707,26.06,75,25,1.64,RE,1685618701
491,altamira,-3.2033,-52.2064,25.05,94,40,0.0,BR,1685618701
492,zemio,5.0314,25.1361,36.69,32,37,0.4,CF,1685618701
493,baturyn,51.3457,32.8779,21.7,48,2,4.01,UA,1685618701
494,zmeinogorsk,51.1567,82.195,20.05,53,2,8.03,RU,1685618702
495,manga,11.6636,-1.0731,35.53,38,100,4.43,BF,1685618702
496,dolores,-36.3132,-57.6792,9.69,91,3,2.45,AR,1685618702
497,scarborough,54.2797,-0.4044,12.59,82,100,2.68,GB,1685618407
498,boralday,43.3578,76.8594,25.92,18,75,3.0,KZ,1685618702
499,danshui,22.7984,114.4672,30.2,72,57,2.06,CN,1685618702
500,kihei,20.785,-156.4656,24.91,84,75,1.54,US,1685618702
501,amparafaravola,-17.5833,48.2167,23.67,54,23,4.68,MG,1685618702
502,salekhard,66.53,66.6019,12.15,96,100,6.57,RU,1685618582
503,rio gallegos,-51.6226,-69.2181,4.03,65,0,3.09,AR,1685618600
504,grand island,40.925,-98.342,18.97,88,0,4.63,US,1685618702
505,san bartolo del llano,19.5908,-99.7439,12.27,85,0,0.91,MX,1685618702
506,cranbrook,49.4999,-115.7688,13.91,41,75,3.6,CA,1685618586
507,nemuro,43.3236,145.575,10.84,77,94,8.98,JP,1685618703
508,varva,50.495,32.7197,22.13,42,3,2.95,UA,1685618703
509,camocim,-2.9022,-40.8411,26.23,77,21,3.85,BR,1685618703
510,obo,5.3998,26.4869,33.89,38,35,2.06,CF,1685618703
511,nelson bay,-32.7167,152.15,16.11,93,18,2.24,AU,1685618703
512,paignton,50.4357,-3.5679,20.8,73,25,4.02,GB,1685618403
513,lumsden,50.6501,-104.8678,17.78,85,100,3.15,CA,1685618703
514,washougal,45.5826,-122.3534,8.93,87,0,2.57,US,1685618703
515,udachnyy,66.4167,112.4,16.92,23,0,1.17,RU,1685618703
516,ginir,7.1333,40.7,21.35,62,61,1.53,ET,1685618704
517,bubaque,11.2833,-15.8333,27.58,82,84,5.14,GW,1685618704
518,plettenberg bay,-34.0527,23.3716,16.94,85,100,2.8,ZA,1685618704
519,aksha,50.2814,113.2867,12.65,72,100,1.84,RU,1685618704
520,dudinka,69.4058,86.1778,6.46,88,100,5.02,RU,1685618704
521,port stanley,-51.7,-57.85,4.16,93,100,3.95,FK,1685618704
522,yar-sale,66.8333,70.8333,13.11,87,100,5.14,RU,1685618641
523,van buren,35.4368,-94.3483,19.01,90,0,0.0,US,1685618588
524,loei,17.4167,101.5,28.65,63,96,2.18,TH,1685618704
525,la ronge,55.1001,-105.2842,15.14,88,75,4.63,CA,1685618704
526,trelew,-43.249,-65.3051,7.98,56,13,4.23,AR,1685618705
527,tessalit,20.1986,1.0114,36.93,6,31,4.24,ML,1685618705
528,terme,41.2092,36.9739,22.96,74,44,1.89,TR,1685618705
529,high level,58.5169,-117.136,5.06,81,20,1.54,CA,1685618705
530,ratnagiri,16.9833,73.3,31.08,68,15,6.08,IN,1685618705
531,menongue,-14.6585,17.691,31.65,21,2,1.43,AO,1685618705
532,mancora,-4.1078,-81.0475,24.79,78,97,1.41,PE,1685618705
533,venado tuerto,-33.7456,-61.9688,9.87,92,42,2.02,AR,1685618418
534,goderich,43.7501,-81.7165,18.28,82,0,1.03,CA,1685618705
535,hami,42.8,93.45,27.24,7,7,0.9,CN,1685618705
536,buenos aires,-34.6132,-58.3772,14.85,92,40,1.03,AR,1685618602
537,ube,33.9431,131.2511,22.35,94,75,8.23,JP,1685618408
538,solhan,38.9634,41.0293,22.79,44,38,4.0,TR,1685618706
539,the pas,53.8251,-101.2541,14.01,94,100,4.12,CA,1685618706
540,cabinda,-5.55,12.2,27.0,72,82,3.06,AO,1685618706
541,agadir,30.4202,-9.5982,26.25,61,8,4.2,MA,1685618442
542,preveza,38.95,20.75,28.95,37,20,3.09,GR,1685618706
543,searcy,35.2506,-91.7363,19.09,93,0,0.0,US,1685618706
544,cimitarra,6.3142,-73.9497,22.45,98,100,0.35,CO,1685618706
545,qui nhon,13.7667,109.2333,30.07,75,99,3.14,VN,1685618706
546,presidencia roque saenz pena,-26.7852,-60.4388,14.8,97,2,2.2,AR,1685618707
547,yago,21.8333,-105.0667,20.57,93,10,1.5,MX,1685618707
548,borgomanero,45.7024,8.4581,25.46,57,1,2.24,IT,1685618707
549,fairbanks,64.8378,-147.7164,1.98,74,40,1.54,US,1685618707
550,porosozero,62.7191,32.727,8.85,54,100,3.44,RU,1685618707
551,nishihara,26.1842,127.7558,26.49,94,75,18.52,JP,1685618707
552,shar,49.5886,81.0453,24.15,28,0,6.22,KZ,1685618707
553,nanortalik,60.1432,-45.2371,4.36,79,79,1.66,GL,1685618708
554,north bend,43.4065,-124.2243,8.81,94,0,0.0,US,1685618708
555,naqadeh,36.9553,45.388,24.76,31,53,5.72,IR,1685618708
556,coos bay,43.3665,-124.2179,8.85,94,0,0.0,US,1685618708
557,chissamba,-12.1667,17.3333,28.92,28,52,1.67,AO,1685618708
558,zhongshan,21.3226,110.5829,29.56,78,94,4.22,CN,1685618708
559,nizwa,22.9333,57.5333,40.46,13,6,7.27,OM,1685618708
560,maniitsoq,65.4167,-52.9,1.2,98,100,12.19,GL,1685618708
561,svetlaya,46.5389,138.3297,7.44,96,87,2.28,RU,1685618708
562,khani,41.9563,42.9566,19.76,73,47,3.13,GE,1685618708
563,kendari,-3.945,122.4989,25.4,88,87,1.24,ID,1685618709
564,salalah,17.0151,54.0924,33.05,70,40,6.69,OM,1685618521
565,forbes,-33.3833,148.0167,13.4,68,38,1.76,AU,1685618709
566,martapura,-3.4167,114.85,29.05,70,20,2.06,ID,1685618709
567,smithers,54.7804,-127.1743,-1.82,100,0,0.0,CA,1685618709
568,hammerfest,70.6634,23.6821,5.25,65,75,3.6,NO,1685618709
569,north platte,41.1239,-100.7654,16.88,88,0,1.79,US,1685618709
570,grand gaube,-20.0064,57.6608,26.32,63,6,1.34,MU,1685618709
571,luang prabang,19.8856,102.1347,35.98,46,75,1.03,LA,1685618709
572,fare,-16.7,-151.0167,24.91,62,4,4.46,PF,1685618709
573,sauk rapids,45.5919,-94.1661,20.12,85,0,2.06,US,1685618709
574,yuncheng,35.0231,110.9928,25.75,48,55,0.6,CN,1685618710
575,chokwe,-24.5333,32.9833,29.46,43,12,4.21,MZ,1685618710
576,bowen,-20.0167,148.2333,21.03,70,0,6.56,AU,1685618710
577,husavik,66.0449,-17.3389,13.8,61,4,0.15,IS,1685618710
578,grindavik,63.8424,-22.4338,9.97,100,100,4.63,IS,1685618710
579,yumen,40.2833,97.2,22.03,10,100,7.73,CN,1685618602
580,rudnya,54.947,31.0934,17.68,47,52,5.89,RU,1685618710
581,pundaguitan,6.3711,126.1689,28.81,80,93,6.55,PH,1685618710
582,tilichiki,60.4667,166.1,6.74,82,81,0.94,RU,1685618710
